,filepath,title,quarterlength,measures,parts,offsets
0,C:\Users\14694\.pyenv\pyenv-win\versions\3.9.13\Lib\site-packages\music21\corpus\bach\bwv1.6.mxl,,80.0,21,5,0.0
1,C:\Users\14694\.pyenv\pyenv-win\versions\3.9.13\Lib\site-packages\music21\corpus\bach\bwv10.7.mxl,,88.0,22,4,0.0
2,C:\Users\14694\.pyenv\pyenv-win\versions\3.9.13\Lib\site-packages\music21\corpus\bach\bwv101.7.mxl,,48.0,15,4,0.0
3,C:\Users\14694\.pyenv\pyenv-win\versions\3.9.13\Lib\site-packages\music21\corpus\bach\bwv102.7.mxl,,48.0,15,4,0.0
4,C:\Users\14694\.pyenv\pyenv-win\versions\3.9.13\Lib\site-packages\music21\corpus\bach\bwv103.6.mxl,,48.0,15,4,0.0
5,C:\Users\14694\.pyenv\pyenv-win\versions\3.9.13\Lib\site-packages\music21\corpus\bach\bwv104.6.mxl,,40.0,12,4,0.0
6,C:\Users\14694\.pyenv\pyenv-win\versions\3.9.13\Lib\site-packages\music21\corpus\bach\bwv108.6.mxl,,52.0,16,4,0.0
7,C:\Users\14694\.pyenv\pyenv-win\versions\3.9.13\Lib\site-packages\music21\corpus\bach\bwv11.6.mxl,,66.0,23,4,0.0
8,C:\Users\14694\.pyenv\pyenv-win\versions\3.9.13\Lib\site-packages\music21\corpus\bach\bwv110.7.mxl,,44.0,12,4,0.0
9,C:\Users\14694\.pyenv\pyenv-win\versions\3.9.13\Lib\site-packages\music21\corpus\bach\bwv111.6.mxl,,80.0,21,4,0.0
10,C:\Users\14694\.pyenv\pyenv-win\versions\3.9.13\Lib\site-packages\music21\corpus\bach\bwv112.5-sc.mxl,,40.0,12,7,0.0
11,C:\Users\14694\.pyenv\pyenv-win\versions\3.9.13\Lib\site-packages\music21\corpus\bach\bwv112.5.mxl,,56.0,15,4,0.0
12,C:\Users\14694\.pyenv\pyenv-win\versions\3.9.13\Lib\site-packages\music21\corpus\bach\bwv113.8.mxl,,44.0,14,4,0.0
13,C:\Users\14694\.pyenv\pyenv-win\versions\3.9.13\Lib\site-packages\music21\corpus\bach\bwv114.7.mxl,,40.0,12,4,0.0
14,C:\Users\14694\.pyenv\pyenv-win\versions\3.9.13\Lib\site-packages\music21\corpus\bach\bwv115.6.mxl,,40.0,10,4,0.0
15,C:\Users\14694\.pyenv\pyenv-win\versions\3.9.13\Lib\site-packages\music21\corpus\bach\bwv116.6.mxl,,52.0,14,4,0.0
16,C:\Users\14694\.pyenv\pyenv-win\versions\3.9.13\Lib\site-packages\music21\corpus\bach\bwv117.4.mxl,,40.0,12,4,0.0
17,C:\Users\14694\.pyenv\pyenv-win\versions\3.9.13\Lib\site-packages\music21\corpus\bach\bwv119.9.mxl,,86.0,21,4,0.0
18,C:\Users\14694\.pyenv\pyenv-win\versions\3.9.13\Lib\site-packages\music21\corpus\bach\bwv12.7.mxl,,56.0,15,5,0.0
19,C:\Users\14694\.pyenv\pyenv-win\versions\3.9.13\Lib\site-packages\music21\corpus\bach\bwv120.6.mxl,,64.0,17,4,0.0
20,C:\Users\14694\.pyenv\pyenv-win\versions\3.9.13\Lib\site-packages\music21\corpus\bach\bwv120.8-a.mxl,,84.0,28,8,0.0
21,C:\Users\14694\.pyenv\pyenv-win\versions\3.9.13\Lib\site-packages\music21\corpus\bach\bwv121.6.mxl,,65.0,18,4,0.0
22,C:\Users\14694\.pyenv\pyenv-win\versions\3.9.13\Lib\site-packages\music21\corpus\bach\bwv122.6.mxl,,48.0,16,4,0.0
23,C:\Users\14694\.pyenv\pyenv-win\versions\3.9.13\Lib\site-packages\music21\corpus\bach\bwv123.6.mxl,,96.0,16,4,0.0
24,C:\Users\14694\.pyenv\pyenv-win\versions\3.9.13\Lib\site-packages\music21\corpus\bach\bwv124.6.mxl,,52.0,13,5,0.0
25,C:\Users\14694\.pyenv\pyenv-win\versions\3.9.13\Lib\site-packages\music21\corpus\bach\bwv125.6.mxl,,48.0,13,4,0.0
26,C:\Users\14694\.pyenv\pyenv-win\versions\3.9.13\Lib\site-packages\music21\corpus\bach\bwv126.6.mxl,,108.0,30,4,0.0
27,C:\Users\14694\.pyenv\pyenv-win\versions\3.9.13\Lib\site-packages\music21\corpus\bach\bwv127.5.mxl,,48.0,15,4,0.0
28,C:\Users\14694\.pyenv\pyenv-win\versions\3.9.13\Lib\site-packages\music21\corpus\bach\bwv128.5.mxl,,64.0,17,6,0.0
29,C:\Users\14694\.pyenv\pyenv-win\versions\3.9.13\Lib\site-packages\music21\corpus\bach\bwv13.6.mxl,,48.0,15,4,0.0
30,C:\Users\14694\.pyenv\pyenv-win\versions\3.9.13\Lib\site-packages\music21\corpus\bach\bwv130.6.mxl,,49.0,17,8,0.0
31,C:\Users\14694\.pyenv\pyenv-win\versions\3.9.13\Lib\site-packages\music21\corpus\bach\bwv133.6.mxl,,48.0,15,4,0.0
32,C:\Users\14694\.pyenv\pyenv-win\versions\3.9.13\Lib\site-packages\music21\corpus\bach\bwv135.6.mxl,,64.0,17,4,0.0
33,C:\Users\14694\.pyenv\pyenv-win\versions\3.9.13\Lib\site-packages\music21\corpus\bach\bwv136.6.mxl,,48.0,13,5,0.0
34,C:\Users\14694\.pyenv\pyenv-win\versions\3.9.13\Lib\site-packages\music21\corpus\bach\bwv137.5.mxl,,54.0,18,8,0.0
35,C:\Users\14694\.pyenv\pyenv-win\versions\3.9.13\Lib\site-packages\music21\corpus\bach\bwv139.6.mxl,,48.0,13,4,0.0
36,C:\Users\14694\.pyenv\pyenv-win\versions\3.9.13\Lib\site-packages\music21\corpus\bach\bwv14.5.mxl,,40.0,12,4,0.0
37,C:\Users\14694\.pyenv\pyenv-win\versions\3.9.13\Lib\site-packages\music21\corpus\bach\bwv140.7.mxl,,68.0,18,4,0.0
38,C:\Users\14694\.pyenv\pyenv-win\versions\3.9.13\Lib\site-packages\music21\corpus\bach\bwv144.3.mxl,,40.0,12,4,0.0
39,C:\Users\14694\.pyenv\pyenv-win\versions\3.9.13\Lib\site-packages\music21\corpus\bach\bwv144.6.mxl,,60.0,18,4,0.0
40,C:\Users\14694\.pyenv\pyenv-win\versions\3.9.13\Lib\site-packages\music21\corpus\bach\bwv145-a.mxl,,48.0,12,4,0.0
41,C:\Users\14694\.pyenv\pyenv-win\versions\3.9.13\Lib\site-packages\music21\corpus\bach\bwv145.5.mxl,,54.0,19,4,0.0
42,C:\Users\14694\.pyenv\pyenv-win\versions\3.9.13\Lib\site-packages\music21\corpus\bach\bwv146.8.mxl,,64.0,16,4,0.0
43,C:\Users\14694\.pyenv\pyenv-win\versions\3.9.13\Lib\site-packages\music21\corpus\bach\bwv148.6.mxl,,48.0,15,4,0.0
44,C:\Users\14694\.pyenv\pyenv-win\versions\3.9.13\Lib\site-packages\music21\corpus\bach\bwv149.7.mxl,,105.0,27,8,0.0
45,C:\Users\14694\.pyenv\pyenv-win\versions\3.9.13\Lib\site-packages\music21\corpus\bach\bwv151.5.mxl,,40.0,12,4,0.0
46,C:\Users\14694\.pyenv\pyenv-win\versions\3.9.13\Lib\site-packages\music21\corpus\bach\bwv153.1.mxl,,40.0,12,4,0.0
47,C:\Users\14694\.pyenv\pyenv-win\versions\3.9.13\Lib\site-packages\music21\corpus\bach\bwv153.5.mxl,,48.0,15,4,0.0
48,C:\Users\14694\.pyenv\pyenv-win\versions\3.9.13\Lib\site-packages\music21\corpus\bach\bwv153.9.mxl,,48.0,16,4,0.0
49,C:\Users\14694\.pyenv\pyenv-win\versions\3.9.13\Lib\site-packages\music21\corpus\bach\bwv154.3.mxl,,48.0,12,4,0.0
50,C:\Users\14694\.pyenv\pyenv-win\versions\3.9.13\Lib\site-packages\music21\corpus\bach\bwv154.8.mxl,,52.0,14,4,0.0
51,C:\Users\14694\.pyenv\pyenv-win\versions\3.9.13\Lib\site-packages\music21\corpus\bach\bwv155.5.mxl,,40.0,12,4,0.0
52,C:\Users\14694\.pyenv\pyenv-win\versions\3.9.13\Lib\site-packages\music21\corpus\bach\bwv156.6.mxl,,48.0,14,4,0.0
53,C:\Users\14694\.pyenv\pyenv-win\versions\3.9.13\Lib\site-packages\music21\corpus\bach\bwv157.5.mxl,,52.0,13,4,0.0
54,C:\Users\14694\.pyenv\pyenv-win\versions\3.9.13\Lib\site-packages\music21\corpus\bach\bwv158.4.mxl,,64.0,17,4,0.0
55,C:\Users\14694\.pyenv\pyenv-win\versions\3.9.13\Lib\site-packages\music21\corpus\bach\bwv159.5.mxl,,64.0,16,4,0.0
56,C:\Users\14694\.pyenv\pyenv-win\versions\3.9.13\Lib\site-packages\music21\corpus\bach\bwv16.6.mxl,,48.0,15,4,0.0
57,C:\Users\14694\.pyenv\pyenv-win\versions\3.9.13\Lib\site-packages\music21\corpus\bach\bwv161.6.mxl,,48.0,14,5,0.0
58,C:\Users\14694\.pyenv\pyenv-win\versions\3.9.13\Lib\site-packages\music21\corpus\bach\bwv162.6-lpz.mxl,,64.0,16,4,0.0
59,C:\Users\14694\.pyenv\pyenv-win\versions\3.9.13\Lib\site-packages\music21\corpus\bach\bwv164.6.mxl,,40.0,12,4,0.0
60,C:\Users\14694\.pyenv\pyenv-win\versions\3.9.13\Lib\site-packages\music21\corpus\bach\bwv165.6.mxl,,32.0,9,4,0.0
61,C:\Users\14694\.pyenv\pyenv-win\versions\3.9.13\Lib\site-packages\music21\corpus\bach\bwv166.6.mxl,,36.0,11,4,0.0
62,C:\Users\14694\.pyenv\pyenv-win\versions\3.9.13\Lib\site-packages\music21\corpus\bach\bwv168.6.mxl,,44.0,14,4,0.0
63,C:\Users\14694\.pyenv\pyenv-win\versions\3.9.13\Lib\site-packages\music21\corpus\bach\bwv169.7.mxl,,60.0,16,4,0.0
64,C:\Users\14694\.pyenv\pyenv-win\versions\3.9.13\Lib\site-packages\music21\corpus\bach\bwv17.7.mxl,,111.0,42,4,0.0
65,C:\Users\14694\.pyenv\pyenv-win\versions\3.9.13\Lib\site-packages\music21\corpus\bach\bwv171.6.mxl,,169.0,48,8,0.0
66,C:\Users\14694\.pyenv\pyenv-win\versions\3.9.13\Lib\site-packages\music21\corpus\bach\bwv172.6.mxl,,56.0,16,5,0.0
67,C:\Users\14694\.pyenv\pyenv-win\versions\3.9.13\Lib\site-packages\music21\corpus\bach\bwv174.5.mxl,,76.0,21,4,0.0
68,C:\Users\14694\.pyenv\pyenv-win\versions\3.9.13\Lib\site-packages\music21\corpus\bach\bwv175.7.mxl,,112.0,29,7,0.0
69,C:\Users\14694\.pyenv\pyenv-win\versions\3.9.13\Lib\site-packages\music21\corpus\bach\bwv176.6.mxl,,72.0,23,4,0.0
70,C:\Users\14694\.pyenv\pyenv-win\versions\3.9.13\Lib\site-packages\music21\corpus\bach\bwv177.4.mxl,,40.0,12,4,0.0
71,C:\Users\14694\.pyenv\pyenv-win\versions\3.9.13\Lib\site-packages\music21\corpus\bach\bwv177.5.mxl,,52.0,15,4,0.0
72,C:\Users\14694\.pyenv\pyenv-win\versions\3.9.13\Lib\site-packages\music21\corpus\bach\bwv178.7.mxl,,56.0,15,4,0.0
73,C:\Users\14694\.pyenv\pyenv-win\versions\3.9.13\Lib\site-packages\music21\corpus\bach\bwv179.6.mxl,,36.0,11,4,0.0
74,C:\Users\14694\.pyenv\pyenv-win\versions\3.9.13\Lib\site-packages\music21\corpus\bach\bwv18.5-lz.mxl,,52.0,16,4,0.0
75,C:\Users\14694\.pyenv\pyenv-win\versions\3.9.13\Lib\site-packages\music21\corpus\bach\bwv18.5-w.mxl,,52.0,16,4,0.0
76,C:\Users\14694\.pyenv\pyenv-win\versions\3.9.13\Lib\site-packages\music21\corpus\bach\bwv180.7.mxl,,60.0,15,4,0.0
77,C:\Users\14694\.pyenv\pyenv-win\versions\3.9.13\Lib\site-packages\music21\corpus\bach\bwv183.5.mxl,,48.0,15,4,0.0
78,C:\Users\14694\.pyenv\pyenv-win\versions\3.9.13\Lib\site-packages\music21\corpus\bach\bwv184.5.mxl,,56.0,17,4,0.0
79,C:\Users\14694\.pyenv\pyenv-win\versions\3.9.13\Lib\site-packages\music21\corpus\bach\bwv185.6.mxl,,68.0,18,5,0.0
80,C:\Users\14694\.pyenv\pyenv-win\versions\3.9.13\Lib\site-packages\music21\corpus\bach\bwv187.7.mxl,,84.0,28,4,0.0
81,C:\Users\14694\.pyenv\pyenv-win\versions\3.9.13\Lib\site-packages\music21\corpus\bach\bwv188.6.mxl,,48.0,13,4,0.0
82,C:\Users\14694\.pyenv\pyenv-win\versions\3.9.13\Lib\site-packages\music21\corpus\bach\bwv19.7.mxl,,81.0,27,8,0.0
83,C:\Users\14694\.pyenv\pyenv-win\versions\3.9.13\Lib\site-packages\music21\corpus\bach\bwv190.7-inst.mxl,,128.0,33,15,0.0
84,C:\Users\14694\.pyenv\pyenv-win\versions\3.9.13\Lib\site-packages\music21\corpus\bach\bwv190.7.mxl,,128.0,33,4,0.0
85,C:\Users\14694\.pyenv\pyenv-win\versions\3.9.13\Lib\site-packages\music21\corpus\bach\bwv194.12.mxl,,49.0,18,4,0.0
86,C:\Users\14694\.pyenv\pyenv-win\versions\3.9.13\Lib\site-packages\music21\corpus\bach\bwv194.6.mxl,,52.0,13,4,0.0
87,C:\Users\14694\.pyenv\pyenv-win\versions\3.9.13\Lib\site-packages\music21\corpus\bach\bwv195.6.mxl,,40.0,11,8,0.0
88,C:\Users\14694\.pyenv\pyenv-win\versions\3.9.13\Lib\site-packages\music21\corpus\bach\bwv197.10.mxl,,36.0,11,4,0.0
89,C:\Users\14694\.pyenv\pyenv-win\versions\3.9.13\Lib\site-packages\music21\corpus\bach\bwv197.5.mxl,,56.0,15,4,0.0
90,C:\Users\14694\.pyenv\pyenv-win\versions\3.9.13\Lib\site-packages\music21\corpus\bach\bwv197.7-a.mxl,,64.0,17,4,0.0
91,C:\Users\14694\.pyenv\pyenv-win\versions\3.9.13\Lib\site-packages\music21\corpus\bach\bwv2.6.mxl,,44.0,13,4,0.0
92,C:\Users\14694\.pyenv\pyenv-win\versions\3.9.13\Lib\site-packages\music21\corpus\bach\bwv20.11.mxl,,40.0,12,4,0.0
93,C:\Users\14694\.pyenv\pyenv-win\versions\3.9.13\Lib\site-packages\music21\corpus\bach\bwv20.7.mxl,,64.0,17,4,0.0
94,C:\Users\14694\.pyenv\pyenv-win\versions\3.9.13\Lib\site-packages\music21\corpus\bach\bwv226.2.mxl,,96.0,28,4,0.0
95,C:\Users\14694\.pyenv\pyenv-win\versions\3.9.13\Lib\site-packages\music21\corpus\bach\bwv227.1.mxl,,76.0,19,4,0.0
96,C:\Users\14694\.pyenv\pyenv-win\versions\3.9.13\Lib\site-packages\music21\corpus\bach\bwv227.11.mxl,,52.0,13,4,0.0
97,C:\Users\14694\.pyenv\pyenv-win\versions\3.9.13\Lib\site-packages\music21\corpus\bach\bwv227.3.mxl,,76.0,19,5,0.0
98,C:\Users\14694\.pyenv\pyenv-win\versions\3.9.13\Lib\site-packages\music21\corpus\bach\bwv227.7.mxl,,52.0,13,4,0.0
99,C:\Users\14694\.pyenv\pyenv-win\versions\3.9.13\Lib\site-packages\music21\corpus\bach\bwv229.2.mxl,,84.0,28,4,0.0
100,C:\Users\14694\.pyenv\pyenv-win\versions\3.9.13\Lib\site-packages\music21\corpus\bach\bwv24.6.mxl,,52.0,14,4,0.0
101,C:\Users\14694\.pyenv\pyenv-win\versions\3.9.13\Lib\site-packages\music21\corpus\bach\bwv244.10.mxl,,48.0,13,4,0.0
102,C:\Users\14694\.pyenv\pyenv-win\versions\3.9.13\Lib\site-packages\music21\corpus\bach\bwv244.15.mxl,,48.0,15,4,0.0
103,C:\Users\14694\.pyenv\pyenv-win\versions\3.9.13\Lib\site-packages\music21\corpus\bach\bwv244.17.mxl,,64.0,17,4,0.0
104,C:\Users\14694\.pyenv\pyenv-win\versions\3.9.13\Lib\site-packages\music21\corpus\bach\bwv244.25.mxl,,48.0,15,4,0.0
105,C:\Users\14694\.pyenv\pyenv-win\versions\3.9.13\Lib\site-packages\music21\corpus\bach\bwv244.29-a.mxl,,52.0,13,4,0.0
106,C:\Users\14694\.pyenv\pyenv-win\versions\3.9.13\Lib\site-packages\music21\corpus\bach\bwv244.3.mxl,,44.0,12,4,0.0
107,C:\Users\14694\.pyenv\pyenv-win\versions\3.9.13\Lib\site-packages\music21\corpus\bach\bwv244.32.mxl,,44.0,12,4,0.0
108,C:\Users\14694\.pyenv\pyenv-win\versions\3.9.13\Lib\site-packages\music21\corpus\bach\bwv244.37.mxl,,48.0,15,4,0.0
109,C:\Users\14694\.pyenv\pyenv-win\versions\3.9.13\Lib\site-packages\music21\corpus\bach\bwv244.40.mxl,,64.0,16,4,0.0
110,C:\Users\14694\.pyenv\pyenv-win\versions\3.9.13\Lib\site-packages\music21\corpus\bach\bwv244.44.mxl,,48.0,15,4,0.0
111,C:\Users\14694\.pyenv\pyenv-win\versions\3.9.13\Lib\site-packages\music21\corpus\bach\bwv244.46.mxl,,44.0,12,4,0.0
112,C:\Users\14694\.pyenv\pyenv-win\versions\3.9.13\Lib\site-packages\music21\corpus\bach\bwv244.54.mxl,,48.0,15,4,0.0
113,C:\Users\14694\.pyenv\pyenv-win\versions\3.9.13\Lib\site-packages\music21\corpus\bach\bwv244.62.mxl,,48.0,15,4,0.0
114,C:\Users\14694\.pyenv\pyenv-win\versions\3.9.13\Lib\site-packages\music21\corpus\bach\bwv245.11.mxl,,48.0,15,4,0.0
115,C:\Users\14694\.pyenv\pyenv-win\versions\3.9.13\Lib\site-packages\music21\corpus\bach\bwv245.14.mxl,,64.0,16,4,0.0
116,C:\Users\14694\.pyenv\pyenv-win\versions\3.9.13\Lib\site-packages\music21\corpus\bach\bwv245.15.mxl,,68.0,17,4,0.0
117,C:\Users\14694\.pyenv\pyenv-win\versions\3.9.13\Lib\site-packages\music21\corpus\bach\bwv245.17.mxl,,44.0,14,4,0.0
118,C:\Users\14694\.pyenv\pyenv-win\versions\3.9.13\Lib\site-packages\music21\corpus\bach\bwv245.22.mxl,,32.0,10,4,0.0
119,C:\Users\14694\.pyenv\pyenv-win\versions\3.9.13\Lib\site-packages\music21\corpus\bach\bwv245.26.mxl,,48.0,15,4,0.0
120,C:\Users\14694\.pyenv\pyenv-win\versions\3.9.13\Lib\site-packages\music21\corpus\bach\bwv245.28.mxl,,64.0,16,4,0.0
121,C:\Users\14694\.pyenv\pyenv-win\versions\3.9.13\Lib\site-packages\music21\corpus\bach\bwv245.3.mxl,,44.0,12,4,0.0
122,C:\Users\14694\.pyenv\pyenv-win\versions\3.9.13\Lib\site-packages\music21\corpus\bach\bwv245.37.mxl,,68.0,17,4,0.0
123,C:\Users\14694\.pyenv\pyenv-win\versions\3.9.13\Lib\site-packages\music21\corpus\bach\bwv245.40.mxl,,112.0,29,4,0.0
124,C:\Users\14694\.pyenv\pyenv-win\versions\3.9.13\Lib\site-packages\music21\corpus\bach\bwv245.5.mxl,,48.0,13,4,0.0
125,C:\Users\14694\.pyenv\pyenv-win\versions\3.9.13\Lib\site-packages\music21\corpus\bach\bwv248.12-2.mxl,,48.0,15,4,0.0
126,C:\Users\14694\.pyenv\pyenv-win\versions\3.9.13\Lib\site-packages\music21\corpus\bach\bwv248.17.mxl,,32.0,9,5,0.0
127,C:\Users\14694\.pyenv\pyenv-win\versions\3.9.13\Lib\site-packages\music21\corpus\bach\bwv248.23-2.mxl,,85.5,15,8,0.0
128,C:\Users\14694\.pyenv\pyenv-win\versions\3.9.13\Lib\site-packages\music21\corpus\bach\bwv248.23-s.mxl,,32.0,9,4,0.0
129,C:\Users\14694\.pyenv\pyenv-win\versions\3.9.13\Lib\site-packages\music21\corpus\bach\bwv248.28.mxl,,40.0,11,4,0.0
130,C:\Users\14694\.pyenv\pyenv-win\versions\3.9.13\Lib\site-packages\music21\corpus\bach\bwv248.33-3.mxl,,52.0,14,4,0.0
131,C:\Users\14694\.pyenv\pyenv-win\versions\3.9.13\Lib\site-packages\music21\corpus\bach\bwv248.35-3.mxl,,44.0,14,4,0.0
132,C:\Users\14694\.pyenv\pyenv-win\versions\3.9.13\Lib\site-packages\music21\corpus\bach\bwv248.35-3c.mxl,,44.0,12,5,0.0
133,C:\Users\14694\.pyenv\pyenv-win\versions\3.9.13\Lib\site-packages\music21\corpus\bach\bwv248.42-4.mxl,,159.0,53,12,0.0
134,C:\Users\14694\.pyenv\pyenv-win\versions\3.9.13\Lib\site-packages\music21\corpus\bach\bwv248.42-s.mxl,,84.0,28,4,0.0
135,C:\Users\14694\.pyenv\pyenv-win\versions\3.9.13\Lib\site-packages\music21\corpus\bach\bwv248.46-5.mxl,,48.0,13,4,0.0
136,C:\Users\14694\.pyenv\pyenv-win\versions\3.9.13\Lib\site-packages\music21\corpus\bach\bwv248.5.mxl,,48.0,15,4,0.0
137,C:\Users\14694\.pyenv\pyenv-win\versions\3.9.13\Lib\site-packages\music21\corpus\bach\bwv248.53-5.mxl,,32.0,8,4,0.0
138,C:\Users\14694\.pyenv\pyenv-win\versions\3.9.13\Lib\site-packages\music21\corpus\bach\bwv248.59-6.mxl,,40.0,12,5,0.0
139,C:\Users\14694\.pyenv\pyenv-win\versions\3.9.13\Lib\site-packages\music21\corpus\bach\bwv248.64-6.mxl,,272.0,69,14,0.0
140,C:\Users\14694\.pyenv\pyenv-win\versions\3.9.13\Lib\site-packages\music21\corpus\bach\bwv248.64-s.mxl,,64.0,17,4,0.0
141,C:\Users\14694\.pyenv\pyenv-win\versions\3.9.13\Lib\site-packages\music21\corpus\bach\bwv248.9-1.mxl,,61.0,16,8,0.0
142,C:\Users\14694\.pyenv\pyenv-win\versions\3.9.13\Lib\site-packages\music21\corpus\bach\bwv248.9-s.mxl,,32.0,9,5,0.0
143,C:\Users\14694\.pyenv\pyenv-win\versions\3.9.13\Lib\site-packages\music21\corpus\bach\bwv25.6.mxl,,52.0,13,4,0.0
144,C:\Users\14694\.pyenv\pyenv-win\versions\3.9.13\Lib\site-packages\music21\corpus\bach\bwv250.mxl,,40.0,12,6,0.0
145,C:\Users\14694\.pyenv\pyenv-win\versions\3.9.13\Lib\site-packages\music21\corpus\bach\bwv251.mxl,,40.0,12,6,0.0
146,C:\Users\14694\.pyenv\pyenv-win\versions\3.9.13\Lib\site-packages\music21\corpus\bach\bwv252.mxl,,48.0,15,6,0.0
147,C:\Users\14694\.pyenv\pyenv-win\versions\3.9.13\Lib\site-packages\music21\corpus\bach\bwv253.mxl,,40.0,12,4,0.0
148,C:\Users\14694\.pyenv\pyenv-win\versions\3.9.13\Lib\site-packages\music21\corpus\bach\bwv254.mxl,,44.0,14,4,0.0
149,C:\Users\14694\.pyenv\pyenv-win\versions\3.9.13\Lib\site-packages\music21\corpus\bach\bwv255.mxl,,32.0,10,4,0.0
150,C:\Users\14694\.pyenv\pyenv-win\versions\3.9.13\Lib\site-packages\music21\corpus\bach\bwv256.mxl,,40.0,12,4,0.0
151,C:\Users\14694\.pyenv\pyenv-win\versions\3.9.13\Lib\site-packages\music21\corpus\bach\bwv257.mxl,,40.0,13,4,0.0
152,C:\Users\14694\.pyenv\pyenv-win\versions\3.9.13\Lib\site-packages\music21\corpus\bach\bwv258.mxl,,40.0,13,4,0.0
153,C:\Users\14694\.pyenv\pyenv-win\versions\3.9.13\Lib\site-packages\music21\corpus\bach\bwv259.mxl,,48.0,12,4,0.0
154,C:\Users\14694\.pyenv\pyenv-win\versions\3.9.13\Lib\site-packages\music21\corpus\bach\bwv26.6.mxl,,40.0,10,4,0.0
155,C:\Users\14694\.pyenv\pyenv-win\versions\3.9.13\Lib\site-packages\music21\corpus\bach\bwv260.mxl,,40.0,12,4,0.0
156,C:\Users\14694\.pyenv\pyenv-win\versions\3.9.13\Lib\site-packages\music21\corpus\bach\bwv261.mxl,,78.0,23,4,0.0
157,C:\Users\14694\.pyenv\pyenv-win\versions\3.9.13\Lib\site-packages\music21\corpus\bach\bwv262.mxl,,48.0,12,4,0.0
158,C:\Users\14694\.pyenv\pyenv-win\versions\3.9.13\Lib\site-packages\music21\corpus\bach\bwv263.mxl,,48.0,12,4,0.0
159,C:\Users\14694\.pyenv\pyenv-win\versions\3.9.13\Lib\site-packages\music21\corpus\bach\bwv264.mxl,,40.0,13,4,0.0
160,C:\Users\14694\.pyenv\pyenv-win\versions\3.9.13\Lib\site-packages\music21\corpus\bach\bwv265.mxl,,32.0,10,4,0.0
161,C:\Users\14694\.pyenv\pyenv-win\versions\3.9.13\Lib\site-packages\music21\corpus\bach\bwv266.mxl,,66.0,23,4,0.0
162,C:\Users\14694\.pyenv\pyenv-win\versions\3.9.13\Lib\site-packages\music21\corpus\bach\bwv267.mxl,,68.0,20,4,0.0
163,C:\Users\14694\.pyenv\pyenv-win\versions\3.9.13\Lib\site-packages\music21\corpus\bach\bwv268.mxl,,44.0,13,4,0.0
164,C:\Users\14694\.pyenv\pyenv-win\versions\3.9.13\Lib\site-packages\music21\corpus\bach\bwv269.mxl,,63.0,24,4,0.0
165,C:\Users\14694\.pyenv\pyenv-win\versions\3.9.13\Lib\site-packages\music21\corpus\bach\bwv27.6.mxl,,104.0,22,5,0.0
166,C:\Users\14694\.pyenv\pyenv-win\versions\3.9.13\Lib\site-packages\music21\corpus\bach\bwv270.mxl,,48.0,15,4,0.0
167,C:\Users\14694\.pyenv\pyenv-win\versions\3.9.13\Lib\site-packages\music21\corpus\bach\bwv271.mxl,,48.0,15,4,0.0
168,C:\Users\14694\.pyenv\pyenv-win\versions\3.9.13\Lib\site-packages\music21\corpus\bach\bwv272.mxl,,48.0,15,4,0.0
169,C:\Users\14694\.pyenv\pyenv-win\versions\3.9.13\Lib\site-packages\music21\corpus\bach\bwv273.mxl,,40.0,12,4,0.0
170,C:\Users\14694\.pyenv\pyenv-win\versions\3.9.13\Lib\site-packages\music21\corpus\bach\bwv274.mxl,,32.0,10,4,0.0
171,C:\Users\14694\.pyenv\pyenv-win\versions\3.9.13\Lib\site-packages\music21\corpus\bach\bwv275.mxl,,60.0,18,4,0.0
172,C:\Users\14694\.pyenv\pyenv-win\versions\3.9.13\Lib\site-packages\music21\corpus\bach\bwv276.mxl,,118.0,32,4,0.0
173,C:\Users\14694\.pyenv\pyenv-win\versions\3.9.13\Lib\site-packages\music21\corpus\bach\bwv277.krn,25. Christ lag in Todesbanden,49.0,14,4,0.0
174,C:\Users\14694\.pyenv\pyenv-win\versions\3.9.13\Lib\site-packages\music21\corpus\bach\bwv277.mxl,,65.0,17,4,0.0
175,C:\Users\14694\.pyenv\pyenv-win\versions\3.9.13\Lib\site-packages\music21\corpus\bach\bwv278.mxl,,48.0,15,4,0.0
176,C:\Users\14694\.pyenv\pyenv-win\versions\3.9.13\Lib\site-packages\music21\corpus\bach\bwv279.mxl,,64.0,17,4,0.0
177,C:\Users\14694\.pyenv\pyenv-win\versions\3.9.13\Lib\site-packages\music21\corpus\bach\bwv28.6.mxl,,48.0,15,4,0.0
178,C:\Users\14694\.pyenv\pyenv-win\versions\3.9.13\Lib\site-packages\music21\corpus\bach\bwv280.mxl,,56.0,16,4,0.0
179,C:\Users\14694\.pyenv\pyenv-win\versions\3.9.13\Lib\site-packages\music21\corpus\bach\bwv281.krn,"28. Christus, der ist mein Leben",32.0,9,4,0.0
180,C:\Users\14694\.pyenv\pyenv-win\versions\3.9.13\Lib\site-packages\music21\corpus\bach\bwv281.mxl,,32.0,9,4,0.0
181,C:\Users\14694\.pyenv\pyenv-win\versions\3.9.13\Lib\site-packages\music21\corpus\bach\bwv282.mxl,,57.0,20,4,0.0
182,C:\Users\14694\.pyenv\pyenv-win\versions\3.9.13\Lib\site-packages\music21\corpus\bach\bwv283.mxl,,68.0,17,4,0.0
183,C:\Users\14694\.pyenv\pyenv-win\versions\3.9.13\Lib\site-packages\music21\corpus\bach\bwv284.mxl,,60.0,17,4,0.0
184,C:\Users\14694\.pyenv\pyenv-win\versions\3.9.13\Lib\site-packages\music21\corpus\bach\bwv285.mxl,,48.0,15,4,0.0
185,C:\Users\14694\.pyenv\pyenv-win\versions\3.9.13\Lib\site-packages\music21\corpus\bach\bwv286.mxl,,24.0,8,4,0.0
186,C:\Users\14694\.pyenv\pyenv-win\versions\3.9.13\Lib\site-packages\music21\corpus\bach\bwv287.mxl,,48.0,15,4,0.0
187,C:\Users\14694\.pyenv\pyenv-win\versions\3.9.13\Lib\site-packages\music21\corpus\bach\bwv288.mxl,,48.0,13,4,0.0
188,C:\Users\14694\.pyenv\pyenv-win\versions\3.9.13\Lib\site-packages\music21\corpus\bach\bwv289.mxl,,48.0,13,4,0.0
189,C:\Users\14694\.pyenv\pyenv-win\versions\3.9.13\Lib\site-packages\music21\corpus\bach\bwv29.8.mxl,,108.0,41,8,0.0
190,C:\Users\14694\.pyenv\pyenv-win\versions\3.9.13\Lib\site-packages\music21\corpus\bach\bwv290.mxl,,32.0,10,4,0.0
191,C:\Users\14694\.pyenv\pyenv-win\versions\3.9.13\Lib\site-packages\music21\corpus\bach\bwv291.mxl,,44.0,12,4,0.0
192,C:\Users\14694\.pyenv\pyenv-win\versions\3.9.13\Lib\site-packages\music21\corpus\bach\bwv292.mxl,,56.0,14,4,0.0
193,C:\Users\14694\.pyenv\pyenv-win\versions\3.9.13\Lib\site-packages\music21\corpus\bach\bwv293.mxl,,32.0,10,4,0.0
194,C:\Users\14694\.pyenv\pyenv-win\versions\3.9.13\Lib\site-packages\music21\corpus\bach\bwv294.mxl,,64.0,18,4,0.0
195,C:\Users\14694\.pyenv\pyenv-win\versions\3.9.13\Lib\site-packages\music21\corpus\bach\bwv295.mxl,,48.0,17,4,0.0
196,C:\Users\14694\.pyenv\pyenv-win\versions\3.9.13\Lib\site-packages\music21\corpus\bach\bwv296.mxl,,57.0,17,4,0.0
197,C:\Users\14694\.pyenv\pyenv-win\versions\3.9.13\Lib\site-packages\music21\corpus\bach\bwv297.mxl,,45.0,14,4,0.0
198,C:\Users\14694\.pyenv\pyenv-win\versions\3.9.13\Lib\site-packages\music21\corpus\bach\bwv298.mxl,,37.0,10,4,0.0
199,C:\Users\14694\.pyenv\pyenv-win\versions\3.9.13\Lib\site-packages\music21\corpus\bach\bwv299.mxl,,48.0,19,4,0.0
200,C:\Users\14694\.pyenv\pyenv-win\versions\3.9.13\Lib\site-packages\music21\corpus\bach\bwv3.6.mxl,,32.0,10,4,0.0
201,C:\Users\14694\.pyenv\pyenv-win\versions\3.9.13\Lib\site-packages\music21\corpus\bach\bwv30.6.mxl,,56.0,14,4,0.0
202,C:\Users\14694\.pyenv\pyenv-win\versions\3.9.13\Lib\site-packages\music21\corpus\bach\bwv300.mxl,,64.0,19,4,0.0
203,C:\Users\14694\.pyenv\pyenv-win\versions\3.9.13\Lib\site-packages\music21\corpus\bach\bwv301.mxl,,56.0,14,4,0.0
204,C:\Users\14694\.pyenv\pyenv-win\versions\3.9.13\Lib\site-packages\music21\corpus\bach\bwv302.mxl,,48.0,15,4,0.0
205,C:\Users\14694\.pyenv\pyenv-win\versions\3.9.13\Lib\site-packages\music21\corpus\bach\bwv303.mxl,,44.0,14,4,0.0
206,C:\Users\14694\.pyenv\pyenv-win\versions\3.9.13\Lib\site-packages\music21\corpus\bach\bwv304.mxl,,81.0,25,4,0.0
207,C:\Users\14694\.pyenv\pyenv-win\versions\3.9.13\Lib\site-packages\music21\corpus\bach\bwv305.mxl,,52.0,16,4,0.0
208,C:\Users\14694\.pyenv\pyenv-win\versions\3.9.13\Lib\site-packages\music21\corpus\bach\bwv306.mxl,,48.0,18,4,0.0
209,C:\Users\14694\.pyenv\pyenv-win\versions\3.9.13\Lib\site-packages\music21\corpus\bach\bwv307.mxl,,40.0,12,4,0.0
210,C:\Users\14694\.pyenv\pyenv-win\versions\3.9.13\Lib\site-packages\music21\corpus\bach\bwv308.mxl,,40.0,12,4,0.0
211,C:\Users\14694\.pyenv\pyenv-win\versions\3.9.13\Lib\site-packages\music21\corpus\bach\bwv309.mxl,,52.0,15,4,0.0
212,C:\Users\14694\.pyenv\pyenv-win\versions\3.9.13\Lib\site-packages\music21\corpus\bach\bwv31.9.mxl,,60.0,16,5,0.0
213,C:\Users\14694\.pyenv\pyenv-win\versions\3.9.13\Lib\site-packages\music21\corpus\bach\bwv310.mxl,,40.0,10,4,0.0
214,C:\Users\14694\.pyenv\pyenv-win\versions\3.9.13\Lib\site-packages\music21\corpus\bach\bwv311.mxl,,68.0,19,4,0.0
215,C:\Users\14694\.pyenv\pyenv-win\versions\3.9.13\Lib\site-packages\music21\corpus\bach\bwv312.mxl,,64.0,20,4,0.0
216,C:\Users\14694\.pyenv\pyenv-win\versions\3.9.13\Lib\site-packages\music21\corpus\bach\bwv313.mxl,,36.0,11,4,0.0
217,C:\Users\14694\.pyenv\pyenv-win\versions\3.9.13\Lib\site-packages\music21\corpus\bach\bwv314.mxl,,40.0,12,4,0.0
218,C:\Users\14694\.pyenv\pyenv-win\versions\3.9.13\Lib\site-packages\music21\corpus\bach\bwv315.mxl,,48.0,14,4,0.0
219,C:\Users\14694\.pyenv\pyenv-win\versions\3.9.13\Lib\site-packages\music21\corpus\bach\bwv316.mxl,,40.0,12,4,0.0
220,C:\Users\14694\.pyenv\pyenv-win\versions\3.9.13\Lib\site-packages\music21\corpus\bach\bwv317.mxl,,64.0,17,4,0.0
221,C:\Users\14694\.pyenv\pyenv-win\versions\3.9.13\Lib\site-packages\music21\corpus\bach\bwv318.mxl,,52.0,13,4,0.0
222,C:\Users\14694\.pyenv\pyenv-win\versions\3.9.13\Lib\site-packages\music21\corpus\bach\bwv319.mxl,,44.0,14,4,0.0
223,C:\Users\14694\.pyenv\pyenv-win\versions\3.9.13\Lib\site-packages\music21\corpus\bach\bwv32.6.mxl,,52.0,13,4,0.0
224,C:\Users\14694\.pyenv\pyenv-win\versions\3.9.13\Lib\site-packages\music21\corpus\bach\bwv320.mxl,,114.0,38,4,0.0
225,C:\Users\14694\.pyenv\pyenv-win\versions\3.9.13\Lib\site-packages\music21\corpus\bach\bwv321.mxl,,48.0,16,4,0.0
226,C:\Users\14694\.pyenv\pyenv-win\versions\3.9.13\Lib\site-packages\music21\corpus\bach\bwv322.mxl,,80.0,22,4,0.0
227,C:\Users\14694\.pyenv\pyenv-win\versions\3.9.13\Lib\site-packages\music21\corpus\bach\bwv323.mxl,,44.0,11,4,0.0
228,C:\Users\14694\.pyenv\pyenv-win\versions\3.9.13\Lib\site-packages\music21\corpus\bach\bwv324.mxl,,42.0,9,4,0.0
229,C:\Users\14694\.pyenv\pyenv-win\versions\3.9.13\Lib\site-packages\music21\corpus\bach\bwv325.mxl,,68.0,18,4,0.0
230,C:\Users\14694\.pyenv\pyenv-win\versions\3.9.13\Lib\site-packages\music21\corpus\bach\bwv326.mxl,,48.0,18,4,0.0
231,C:\Users\14694\.pyenv\pyenv-win\versions\3.9.13\Lib\site-packages\music21\corpus\bach\bwv327.mxl,,48.0,18,4,0.0
232,C:\Users\14694\.pyenv\pyenv-win\versions\3.9.13\Lib\site-packages\music21\corpus\bach\bwv328.mxl,,193.0,57,4,0.0
233,C:\Users\14694\.pyenv\pyenv-win\versions\3.9.13\Lib\site-packages\music21\corpus\bach\bwv329.mxl,,56.0,14,4,0.0
234,C:\Users\14694\.pyenv\pyenv-win\versions\3.9.13\Lib\site-packages\music21\corpus\bach\bwv33.6.mxl,,64.0,20,4,0.0
235,C:\Users\14694\.pyenv\pyenv-win\versions\3.9.13\Lib\site-packages\music21\corpus\bach\bwv330.mxl,,36.0,9,4,0.0
236,C:\Users\14694\.pyenv\pyenv-win\versions\3.9.13\Lib\site-packages\music21\corpus\bach\bwv331.mxl,,40.0,10,4,0.0
237,C:\Users\14694\.pyenv\pyenv-win\versions\3.9.13\Lib\site-packages\music21\corpus\bach\bwv332.mxl,,32.0,10,4,0.0
238,C:\Users\14694\.pyenv\pyenv-win\versions\3.9.13\Lib\site-packages\music21\corpus\bach\bwv333.mxl,,40.0,13,4,0.0
239,C:\Users\14694\.pyenv\pyenv-win\versions\3.9.13\Lib\site-packages\music21\corpus\bach\bwv334.mxl,,44.0,14,4,0.0
240,C:\Users\14694\.pyenv\pyenv-win\versions\3.9.13\Lib\site-packages\music21\corpus\bach\bwv335.mxl,,32.0,10,4,0.0
241,C:\Users\14694\.pyenv\pyenv-win\versions\3.9.13\Lib\site-packages\music21\corpus\bach\bwv336.mxl,,32.0,10,4,0.0
242,C:\Users\14694\.pyenv\pyenv-win\versions\3.9.13\Lib\site-packages\music21\corpus\bach\bwv337.mxl,,48.0,12,4,0.0
243,C:\Users\14694\.pyenv\pyenv-win\versions\3.9.13\Lib\site-packages\music21\corpus\bach\bwv338.mxl,,40.0,13,4,0.0
244,C:\Users\14694\.pyenv\pyenv-win\versions\3.9.13\Lib\site-packages\music21\corpus\bach\bwv339.mxl,,52.0,13,4,0.0
245,C:\Users\14694\.pyenv\pyenv-win\versions\3.9.13\Lib\site-packages\music21\corpus\bach\bwv340.mxl,,76.0,23,4,0.0
246,C:\Users\14694\.pyenv\pyenv-win\versions\3.9.13\Lib\site-packages\music21\corpus\bach\bwv341.mxl,,36.0,10,4,0.0
247,C:\Users\14694\.pyenv\pyenv-win\versions\3.9.13\Lib\site-packages\music21\corpus\bach\bwv342.mxl,,72.0,24,4,0.0
248,C:\Users\14694\.pyenv\pyenv-win\versions\3.9.13\Lib\site-packages\music21\corpus\bach\bwv343.mxl,,63.0,23,4,0.0
249,C:\Users\14694\.pyenv\pyenv-win\versions\3.9.13\Lib\site-packages\music21\corpus\bach\bwv344.mxl,,72.0,24,4,0.0
250,C:\Users\14694\.pyenv\pyenv-win\versions\3.9.13\Lib\site-packages\music21\corpus\bach\bwv345.mxl,,40.0,12,4,0.0
251,C:\Users\14694\.pyenv\pyenv-win\versions\3.9.13\Lib\site-packages\music21\corpus\bach\bwv346.mxl,,61.0,18,4,0.0
252,C:\Users\14694\.pyenv\pyenv-win\versions\3.9.13\Lib\site-packages\music21\corpus\bach\bwv347.mxl,,52.0,16,4,0.0
253,C:\Users\14694\.pyenv\pyenv-win\versions\3.9.13\Lib\site-packages\music21\corpus\bach\bwv348.mxl,,64.0,18,4,0.0
254,C:\Users\14694\.pyenv\pyenv-win\versions\3.9.13\Lib\site-packages\music21\corpus\bach\bwv349.mxl,,48.0,16,4,0.0
255,C:\Users\14694\.pyenv\pyenv-win\versions\3.9.13\Lib\site-packages\music21\corpus\bach\bwv350.mxl,,72.0,20,4,0.0
256,C:\Users\14694\.pyenv\pyenv-win\versions\3.9.13\Lib\site-packages\music21\corpus\bach\bwv351.mxl,,36.0,11,4,0.0
257,C:\Users\14694\.pyenv\pyenv-win\versions\3.9.13\Lib\site-packages\music21\corpus\bach\bwv352.mxl,,48.0,12,4,0.0
258,C:\Users\14694\.pyenv\pyenv-win\versions\3.9.13\Lib\site-packages\music21\corpus\bach\bwv353.mxl,,56.0,14,4,0.0
259,C:\Users\14694\.pyenv\pyenv-win\versions\3.9.13\Lib\site-packages\music21\corpus\bach\bwv354.mxl,,48.0,12,4,0.0
260,C:\Users\14694\.pyenv\pyenv-win\versions\3.9.13\Lib\site-packages\music21\corpus\bach\bwv355.mxl,,64.0,16,4,0.0
261,C:\Users\14694\.pyenv\pyenv-win\versions\3.9.13\Lib\site-packages\music21\corpus\bach\bwv356.mxl,,60.0,20,4,0.0
262,C:\Users\14694\.pyenv\pyenv-win\versions\3.9.13\Lib\site-packages\music21\corpus\bach\bwv357.mxl,,64.0,16,4,0.0
263,C:\Users\14694\.pyenv\pyenv-win\versions\3.9.13\Lib\site-packages\music21\corpus\bach\bwv358.mxl,,52.0,13,4,0.0
264,C:\Users\14694\.pyenv\pyenv-win\versions\3.9.13\Lib\site-packages\music21\corpus\bach\bwv359.mxl,,48.0,12,4,0.0
265,C:\Users\14694\.pyenv\pyenv-win\versions\3.9.13\Lib\site-packages\music21\corpus\bach\bwv36.4-2.mxl,,56.0,16,4,0.0
266,C:\Users\14694\.pyenv\pyenv-win\versions\3.9.13\Lib\site-packages\music21\corpus\bach\bwv36.8-2.mxl,,32.0,8,4,0.0
267,C:\Users\14694\.pyenv\pyenv-win\versions\3.9.13\Lib\site-packages\music21\corpus\bach\bwv360.mxl,,48.0,12,4,0.0
268,C:\Users\14694\.pyenv\pyenv-win\versions\3.9.13\Lib\site-packages\music21\corpus\bach\bwv361.mxl,,52.0,13,4,0.0
269,C:\Users\14694\.pyenv\pyenv-win\versions\3.9.13\Lib\site-packages\music21\corpus\bach\bwv362.mxl,,106.0,32,4,0.0
270,C:\Users\14694\.pyenv\pyenv-win\versions\3.9.13\Lib\site-packages\music21\corpus\bach\bwv363.mxl,,47.0,12,4,0.0
271,C:\Users\14694\.pyenv\pyenv-win\versions\3.9.13\Lib\site-packages\music21\corpus\bach\bwv364.mxl,,44.0,12,4,0.0
272,C:\Users\14694\.pyenv\pyenv-win\versions\3.9.13\Lib\site-packages\music21\corpus\bach\bwv365.mxl,,36.0,9,4,0.0
273,C:\Users\14694\.pyenv\pyenv-win\versions\3.9.13\Lib\site-packages\music21\corpus\bach\bwv366.krn,"113. Ihr Gestirn', ihr hohen L\u3fte",48.0,16,4,0.0
274,C:\Users\14694\.pyenv\pyenv-win\versions\3.9.13\Lib\site-packages\music21\corpus\bach\bwv366.mxl,,72.0,24,4,0.0
275,C:\Users\14694\.pyenv\pyenv-win\versions\3.9.13\Lib\site-packages\music21\corpus\bach\bwv367.mxl,,48.0,14,4,0.0
276,C:\Users\14694\.pyenv\pyenv-win\versions\3.9.13\Lib\site-packages\music21\corpus\bach\bwv368.mxl,,97.0,33,4,0.0
277,C:\Users\14694\.pyenv\pyenv-win\versions\3.9.13\Lib\site-packages\music21\corpus\bach\bwv369.mxl,,48.0,15,4,0.0
278,C:\Users\14694\.pyenv\pyenv-win\versions\3.9.13\Lib\site-packages\music21\corpus\bach\bwv37.6.mxl,,68.0,21,4,0.0
279,C:\Users\14694\.pyenv\pyenv-win\versions\3.9.13\Lib\site-packages\music21\corpus\bach\bwv370.mxl,,32.0,10,4,0.0
280,C:\Users\14694\.pyenv\pyenv-win\versions\3.9.13\Lib\site-packages\music21\corpus\bach\bwv371.mxl,,160.0,42,4,0.0
281,C:\Users\14694\.pyenv\pyenv-win\versions\3.9.13\Lib\site-packages\music21\corpus\bach\bwv372.mxl,,62.0,17,4,0.0
282,C:\Users\14694\.pyenv\pyenv-win\versions\3.9.13\Lib\site-packages\music21\corpus\bach\bwv373.mxl,,40.0,10,4,0.0
283,C:\Users\14694\.pyenv\pyenv-win\versions\3.9.13\Lib\site-packages\music21\corpus\bach\bwv374.mxl,,80.0,23,4,0.0
284,C:\Users\14694\.pyenv\pyenv-win\versions\3.9.13\Lib\site-packages\music21\corpus\bach\bwv375.mxl,,40.0,13,4,0.0
285,C:\Users\14694\.pyenv\pyenv-win\versions\3.9.13\Lib\site-packages\music21\corpus\bach\bwv376.mxl,,40.0,12,4,0.0
286,C:\Users\14694\.pyenv\pyenv-win\versions\3.9.13\Lib\site-packages\music21\corpus\bach\bwv377.mxl,,32.0,10,4,0.0
287,C:\Users\14694\.pyenv\pyenv-win\versions\3.9.13\Lib\site-packages\music21\corpus\bach\bwv378.mxl,,64.0,19,4,0.0
288,C:\Users\14694\.pyenv\pyenv-win\versions\3.9.13\Lib\site-packages\music21\corpus\bach\bwv379.mxl,,36.0,9,4,0.0
289,C:\Users\14694\.pyenv\pyenv-win\versions\3.9.13\Lib\site-packages\music21\corpus\bach\bwv38.6.mxl,,52.0,13,4,0.0
290,C:\Users\14694\.pyenv\pyenv-win\versions\3.9.13\Lib\site-packages\music21\corpus\bach\bwv380.mxl,,52.0,14,4,0.0
291,C:\Users\14694\.pyenv\pyenv-win\versions\3.9.13\Lib\site-packages\music21\corpus\bach\bwv381.mxl,,60.0,15,4,0.0
292,C:\Users\14694\.pyenv\pyenv-win\versions\3.9.13\Lib\site-packages\music21\corpus\bach\bwv382.mxl,,49.0,15,4,0.0
293,C:\Users\14694\.pyenv\pyenv-win\versions\3.9.13\Lib\site-packages\music21\corpus\bach\bwv383.mxl,,108.0,30,4,0.0
294,C:\Users\14694\.pyenv\pyenv-win\versions\3.9.13\Lib\site-packages\music21\corpus\bach\bwv384.mxl,,32.0,10,4,0.0
295,C:\Users\14694\.pyenv\pyenv-win\versions\3.9.13\Lib\site-packages\music21\corpus\bach\bwv385.mxl,,56.0,15,4,0.0
296,C:\Users\14694\.pyenv\pyenv-win\versions\3.9.13\Lib\site-packages\music21\corpus\bach\bwv386.mxl,,48.0,15,4,0.0
297,C:\Users\14694\.pyenv\pyenv-win\versions\3.9.13\Lib\site-packages\music21\corpus\bach\bwv387.mxl,,32.0,10,4,0.0
298,C:\Users\14694\.pyenv\pyenv-win\versions\3.9.13\Lib\site-packages\music21\corpus\bach\bwv388.mxl,,40.0,13,4,0.0
299,C:\Users\14694\.pyenv\pyenv-win\versions\3.9.13\Lib\site-packages\music21\corpus\bach\bwv389.mxl,,76.0,21,4,0.0
300,C:\Users\14694\.pyenv\pyenv-win\versions\3.9.13\Lib\site-packages\music21\corpus\bach\bwv39.7.mxl,,52.0,13,4,0.0
301,C:\Users\14694\.pyenv\pyenv-win\versions\3.9.13\Lib\site-packages\music21\corpus\bach\bwv390.mxl,,108.0,41,4,0.0
302,C:\Users\14694\.pyenv\pyenv-win\versions\3.9.13\Lib\site-packages\music21\corpus\bach\bwv391.mxl,,54.0,18,4,0.0
303,C:\Users\14694\.pyenv\pyenv-win\versions\3.9.13\Lib\site-packages\music21\corpus\bach\bwv392.mxl,,48.0,15,4,0.0
304,C:\Users\14694\.pyenv\pyenv-win\versions\3.9.13\Lib\site-packages\music21\corpus\bach\bwv393.mxl,,49.0,15,4,0.0
305,C:\Users\14694\.pyenv\pyenv-win\versions\3.9.13\Lib\site-packages\music21\corpus\bach\bwv394.mxl,,48.0,15,4,0.0
306,C:\Users\14694\.pyenv\pyenv-win\versions\3.9.13\Lib\site-packages\music21\corpus\bach\bwv395.mxl,,48.0,15,4,0.0
307,C:\Users\14694\.pyenv\pyenv-win\versions\3.9.13\Lib\site-packages\music21\corpus\bach\bwv396.mxl,,32.0,10,4,0.0
308,C:\Users\14694\.pyenv\pyenv-win\versions\3.9.13\Lib\site-packages\music21\corpus\bach\bwv397.mxl,,52.0,13,4,0.0
309,C:\Users\14694\.pyenv\pyenv-win\versions\3.9.13\Lib\site-packages\music21\corpus\bach\bwv398.mxl,,64.0,17,4,0.0
310,C:\Users\14694\.pyenv\pyenv-win\versions\3.9.13\Lib\site-packages\music21\corpus\bach\bwv399.mxl,,48.0,15,4,0.0
311,C:\Users\14694\.pyenv\pyenv-win\versions\3.9.13\Lib\site-packages\music21\corpus\bach\bwv4.8.mxl,,48.0,14,4,0.0
312,C:\Users\14694\.pyenv\pyenv-win\versions\3.9.13\Lib\site-packages\music21\corpus\bach\bwv40.3.mxl,,44.0,12,4,0.0
313,C:\Users\14694\.pyenv\pyenv-win\versions\3.9.13\Lib\site-packages\music21\corpus\bach\bwv40.6.mxl,,64.0,16,4,0.0
314,C:\Users\14694\.pyenv\pyenv-win\versions\3.9.13\Lib\site-packages\music21\corpus\bach\bwv40.8.mxl,,80.0,20,4,0.0
315,C:\Users\14694\.pyenv\pyenv-win\versions\3.9.13\Lib\site-packages\music21\corpus\bach\bwv400.mxl,,54.0,18,4,0.0
316,C:\Users\14694\.pyenv\pyenv-win\versions\3.9.13\Lib\site-packages\music21\corpus\bach\bwv401.mxl,,44.0,14,4,0.0
317,C:\Users\14694\.pyenv\pyenv-win\versions\3.9.13\Lib\site-packages\music21\corpus\bach\bwv402.mxl,,72.0,22,4,0.0
318,C:\Users\14694\.pyenv\pyenv-win\versions\3.9.13\Lib\site-packages\music21\corpus\bach\bwv403.mxl,,63.0,22,4,0.0
319,C:\Users\14694\.pyenv\pyenv-win\versions\3.9.13\Lib\site-packages\music21\corpus\bach\bwv404.mxl,,33.0,9,4,0.0
320,C:\Users\14694\.pyenv\pyenv-win\versions\3.9.13\Lib\site-packages\music21\corpus\bach\bwv405.mxl,,44.0,11,4,0.0
321,C:\Users\14694\.pyenv\pyenv-win\versions\3.9.13\Lib\site-packages\music21\corpus\bach\bwv406.mxl,,44.0,12,4,0.0
322,C:\Users\14694\.pyenv\pyenv-win\versions\3.9.13\Lib\site-packages\music21\corpus\bach\bwv407.mxl,,108.0,27,4,0.0
323,C:\Users\14694\.pyenv\pyenv-win\versions\3.9.13\Lib\site-packages\music21\corpus\bach\bwv408.mxl,,48.0,12,4,0.0
324,C:\Users\14694\.pyenv\pyenv-win\versions\3.9.13\Lib\site-packages\music21\corpus\bach\bwv409.mxl,,44.0,12,4,0.0
325,C:\Users\14694\.pyenv\pyenv-win\versions\3.9.13\Lib\site-packages\music21\corpus\bach\bwv41.6.mxl,,124.0,39,9,0.0
326,C:\Users\14694\.pyenv\pyenv-win\versions\3.9.13\Lib\site-packages\music21\corpus\bach\bwv410.mxl,,56.0,15,4,0.0
327,C:\Users\14694\.pyenv\pyenv-win\versions\3.9.13\Lib\site-packages\music21\corpus\bach\bwv411.mxl,,52.0,14,4,0.0
328,C:\Users\14694\.pyenv\pyenv-win\versions\3.9.13\Lib\site-packages\music21\corpus\bach\bwv412.mxl,,60.0,16,4,0.0
329,C:\Users\14694\.pyenv\pyenv-win\versions\3.9.13\Lib\site-packages\music21\corpus\bach\bwv413.mxl,,96.0,32,4,0.0
330,C:\Users\14694\.pyenv\pyenv-win\versions\3.9.13\Lib\site-packages\music21\corpus\bach\bwv414.mxl,,40.0,12,4,0.0
331,C:\Users\14694\.pyenv\pyenv-win\versions\3.9.13\Lib\site-packages\music21\corpus\bach\bwv415.mxl,,48.0,15,4,0.0
332,C:\Users\14694\.pyenv\pyenv-win\versions\3.9.13\Lib\site-packages\music21\corpus\bach\bwv416.mxl,,48.0,15,4,0.0
333,C:\Users\14694\.pyenv\pyenv-win\versions\3.9.13\Lib\site-packages\music21\corpus\bach\bwv417.mxl,,48.0,15,4,0.0
334,C:\Users\14694\.pyenv\pyenv-win\versions\3.9.13\Lib\site-packages\music21\corpus\bach\bwv418.mxl,,64.0,19,4,0.0
335,C:\Users\14694\.pyenv\pyenv-win\versions\3.9.13\Lib\site-packages\music21\corpus\bach\bwv419.mxl,,48.0,15,4,0.0
336,C:\Users\14694\.pyenv\pyenv-win\versions\3.9.13\Lib\site-packages\music21\corpus\bach\bwv42.7.mxl,,108.0,31,4,0.0
337,C:\Users\14694\.pyenv\pyenv-win\versions\3.9.13\Lib\site-packages\music21\corpus\bach\bwv420.mxl,,40.0,11,4,0.0
338,C:\Users\14694\.pyenv\pyenv-win\versions\3.9.13\Lib\site-packages\music21\corpus\bach\bwv421.mxl,,40.0,11,4,0.0
339,C:\Users\14694\.pyenv\pyenv-win\versions\3.9.13\Lib\site-packages\music21\corpus\bach\bwv422.mxl,,52.0,14,4,0.0
340,C:\Users\14694\.pyenv\pyenv-win\versions\3.9.13\Lib\site-packages\music21\corpus\bach\bwv423.mxl,,64.0,16,4,0.0
341,C:\Users\14694\.pyenv\pyenv-win\versions\3.9.13\Lib\site-packages\music21\corpus\bach\bwv424.mxl,,40.0,10,4,0.0
342,C:\Users\14694\.pyenv\pyenv-win\versions\3.9.13\Lib\site-packages\music21\corpus\bach\bwv425.mxl,,101.0,30,4,0.0
343,C:\Users\14694\.pyenv\pyenv-win\versions\3.9.13\Lib\site-packages\music21\corpus\bach\bwv426.mxl,,64.0,18,4,0.0
344,C:\Users\14694\.pyenv\pyenv-win\versions\3.9.13\Lib\site-packages\music21\corpus\bach\bwv427.mxl,,56.0,17,4,0.0
345,C:\Users\14694\.pyenv\pyenv-win\versions\3.9.13\Lib\site-packages\music21\corpus\bach\bwv428.mxl,,60.0,17,4,0.0
346,C:\Users\14694\.pyenv\pyenv-win\versions\3.9.13\Lib\site-packages\music21\corpus\bach\bwv429.mxl,,60.0,19,4,0.0
347,C:\Users\14694\.pyenv\pyenv-win\versions\3.9.13\Lib\site-packages\music21\corpus\bach\bwv43.11.mxl,,66.0,23,4,0.0
348,C:\Users\14694\.pyenv\pyenv-win\versions\3.9.13\Lib\site-packages\music21\corpus\bach\bwv430.mxl,,60.0,19,4,0.0
349,C:\Users\14694\.pyenv\pyenv-win\versions\3.9.13\Lib\site-packages\music21\corpus\bach\bwv431.mxl,,36.0,10,4,0.0
350,C:\Users\14694\.pyenv\pyenv-win\versions\3.9.13\Lib\site-packages\music21\corpus\bach\bwv432.mxl,,32.0,10,4,0.0
351,C:\Users\14694\.pyenv\pyenv-win\versions\3.9.13\Lib\site-packages\music21\corpus\bach\bwv433.mxl,,84.0,21,4,0.0
352,C:\Users\14694\.pyenv\pyenv-win\versions\3.9.13\Lib\site-packages\music21\corpus\bach\bwv434.mxl,,36.0,11,4,0.0
353,C:\Users\14694\.pyenv\pyenv-win\versions\3.9.13\Lib\site-packages\music21\corpus\bach\bwv435.mxl,,44.0,12,4,0.0
354,C:\Users\14694\.pyenv\pyenv-win\versions\3.9.13\Lib\site-packages\music21\corpus\bach\bwv436.mxl,,56.0,16,4,0.0
355,C:\Users\14694\.pyenv\pyenv-win\versions\3.9.13\Lib\site-packages\music21\corpus\bach\bwv437.mxl,,128.0,32,4,0.0
356,C:\Users\14694\.pyenv\pyenv-win\versions\3.9.13\Lib\site-packages\music21\corpus\bach\bwv438.mxl,,32.0,10,4,0.0
357,C:\Users\14694\.pyenv\pyenv-win\versions\3.9.13\Lib\site-packages\music21\corpus\bach\bwv44.7.mxl,,48.0,15,4,0.0
358,C:\Users\14694\.pyenv\pyenv-win\versions\3.9.13\Lib\site-packages\music21\corpus\bach\bwv45.7.mxl,,64.0,19,4,0.0
359,C:\Users\14694\.pyenv\pyenv-win\versions\3.9.13\Lib\site-packages\music21\corpus\bach\bwv46.6.mxl,,73.0,19,4,0.0
360,C:\Users\14694\.pyenv\pyenv-win\versions\3.9.13\Lib\site-packages\music21\corpus\bach\bwv47.5.mxl,,40.0,13,4,0.0
361,C:\Users\14694\.pyenv\pyenv-win\versions\3.9.13\Lib\site-packages\music21\corpus\bach\bwv48.3.mxl,,41.0,12,4,0.0
362,C:\Users\14694\.pyenv\pyenv-win\versions\3.9.13\Lib\site-packages\music21\corpus\bach\bwv48.7.mxl,,44.0,14,4,0.0
363,C:\Users\14694\.pyenv\pyenv-win\versions\3.9.13\Lib\site-packages\music21\corpus\bach\bwv5.7.mxl,,48.0,15,4,0.0
364,C:\Users\14694\.pyenv\pyenv-win\versions\3.9.13\Lib\site-packages\music21\corpus\bach\bwv52.6.mxl,,56.0,15,6,0.0
365,C:\Users\14694\.pyenv\pyenv-win\versions\3.9.13\Lib\site-packages\music21\corpus\bach\bwv55.5.mxl,,48.0,12,4,0.0
366,C:\Users\14694\.pyenv\pyenv-win\versions\3.9.13\Lib\site-packages\music21\corpus\bach\bwv56.5.mxl,,52.0,13,4,0.0
367,C:\Users\14694\.pyenv\pyenv-win\versions\3.9.13\Lib\site-packages\music21\corpus\bach\bwv57.8.mxl,,39.0,13,4,0.0
368,C:\Users\14694\.pyenv\pyenv-win\versions\3.9.13\Lib\site-packages\music21\corpus\bach\bwv59.3.mxl,,112.0,29,7,0.0
369,C:\Users\14694\.pyenv\pyenv-win\versions\3.9.13\Lib\site-packages\music21\corpus\bach\bwv6.6.mxl,,33.0,10,4,0.0
370,C:\Users\14694\.pyenv\pyenv-win\versions\3.9.13\Lib\site-packages\music21\corpus\bach\bwv60.5.mxl,,80.0,20,4,0.0
371,C:\Users\14694\.pyenv\pyenv-win\versions\3.9.13\Lib\site-packages\music21\corpus\bach\bwv62.6.mxl,,32.0,10,4,0.0
372,C:\Users\14694\.pyenv\pyenv-win\versions\3.9.13\Lib\site-packages\music21\corpus\bach\bwv64.2.mxl,,41.0,12,4,0.0
373,C:\Users\14694\.pyenv\pyenv-win\versions\3.9.13\Lib\site-packages\music21\corpus\bach\bwv64.4.mxl,,64.0,19,4,0.0
374,C:\Users\14694\.pyenv\pyenv-win\versions\3.9.13\Lib\site-packages\music21\corpus\bach\bwv64.8.mxl,,52.0,13,4,0.0
375,C:\Users\14694\.pyenv\pyenv-win\versions\3.9.13\Lib\site-packages\music21\corpus\bach\bwv65.2.mxl,,48.0,17,4,0.0
376,C:\Users\14694\.pyenv\pyenv-win\versions\3.9.13\Lib\site-packages\music21\corpus\bach\bwv65.7.mxl,,56.0,16,4,0.0
377,C:\Users\14694\.pyenv\pyenv-win\versions\3.9.13\Lib\site-packages\music21\corpus\bach\bwv66.6.mxl,,36.0,10,4,0.0
378,C:\Users\14694\.pyenv\pyenv-win\versions\3.9.13\Lib\site-packages\music21\corpus\bach\bwv67.4.xml,,54.0,19,4,0.0
379,C:\Users\14694\.pyenv\pyenv-win\versions\3.9.13\Lib\site-packages\music21\corpus\bach\bwv67.7.mxl,,36.0,11,4,0.0
380,C:\Users\14694\.pyenv\pyenv-win\versions\3.9.13\Lib\site-packages\music21\corpus\bach\bwv69.6-a.mxl,,40.0,13,4,0.0
381,C:\Users\14694\.pyenv\pyenv-win\versions\3.9.13\Lib\site-packages\music21\corpus\bach\bwv69.6.xml,,92.0,24,8,0.0
382,C:\Users\14694\.pyenv\pyenv-win\versions\3.9.13\Lib\site-packages\music21\corpus\bach\bwv7.7.mxl,,72.0,19,4,0.0
383,C:\Users\14694\.pyenv\pyenv-win\versions\3.9.13\Lib\site-packages\music21\corpus\bach\bwv70.11.mxl,,52.0,13,7,0.0
384,C:\Users\14694\.pyenv\pyenv-win\versions\3.9.13\Lib\site-packages\music21\corpus\bach\bwv70.7.mxl,,102.0,34,4,0.0
385,C:\Users\14694\.pyenv\pyenv-win\versions\3.9.13\Lib\site-packages\music21\corpus\bach\bwv72.6.mxl,,76.0,20,4,0.0
386,C:\Users\14694\.pyenv\pyenv-win\versions\3.9.13\Lib\site-packages\music21\corpus\bach\bwv73.5.mxl,,48.0,15,4,0.0
387,C:\Users\14694\.pyenv\pyenv-win\versions\3.9.13\Lib\site-packages\music21\corpus\bach\bwv74.8.mxl,,52.0,16,4,0.0
388,C:\Users\14694\.pyenv\pyenv-win\versions\3.9.13\Lib\site-packages\music21\corpus\bach\bwv77.6.mxl,,48.0,15,4,0.0
389,C:\Users\14694\.pyenv\pyenv-win\versions\3.9.13\Lib\site-packages\music21\corpus\bach\bwv78.7.mxl,,64.0,16,4,0.0
390,C:\Users\14694\.pyenv\pyenv-win\versions\3.9.13\Lib\site-packages\music21\corpus\bach\bwv79.3.mxl,,248.0,62,8,0.0
391,C:\Users\14694\.pyenv\pyenv-win\versions\3.9.13\Lib\site-packages\music21\corpus\bach\bwv79.6.mxl,,48.0,17,7,0.0
392,C:\Users\14694\.pyenv\pyenv-win\versions\3.9.13\Lib\site-packages\music21\corpus\bach\bwv8.6.mxl,,64.0,16,5,0.0
393,C:\Users\14694\.pyenv\pyenv-win\versions\3.9.13\Lib\site-packages\music21\corpus\bach\bwv80.8.mxl,,48.0,15,4,0.0
394,C:\Users\14694\.pyenv\pyenv-win\versions\3.9.13\Lib\site-packages\music21\corpus\bach\bwv81.7.mxl,,52.0,13,4,0.0
395,C:\Users\14694\.pyenv\pyenv-win\versions\3.9.13\Lib\site-packages\music21\corpus\bach\bwv83.5.mxl,,48.0,14,4,0.0
396,C:\Users\14694\.pyenv\pyenv-win\versions\3.9.13\Lib\site-packages\music21\corpus\bach\bwv84.5.mxl,,36.0,11,4,0.0
397,C:\Users\14694\.pyenv\pyenv-win\versions\3.9.13\Lib\site-packages\music21\corpus\bach\bwv846.mxl,,136.0,34,2,0.0
398,C:\Users\14694\.pyenv\pyenv-win\versions\3.9.13\Lib\site-packages\music21\corpus\bach\bwv85.6.mxl,,56.0,15,4,0.0
399,C:\Users\14694\.pyenv\pyenv-win\versions\3.9.13\Lib\site-packages\music21\corpus\bach\bwv86.6.mxl,,40.0,13,4,0.0
400,C:\Users\14694\.pyenv\pyenv-win\versions\3.9.13\Lib\site-packages\music21\corpus\bach\bwv87.7.mxl,,52.0,13,4,0.0
401,C:\Users\14694\.pyenv\pyenv-win\versions\3.9.13\Lib\site-packages\music21\corpus\bach\bwv88.7.mxl,,36.0,11,4,0.0
402,C:\Users\14694\.pyenv\pyenv-win\versions\3.9.13\Lib\site-packages\music21\corpus\bach\bwv89.6.mxl,,48.0,15,4,0.0
403,C:\Users\14694\.pyenv\pyenv-win\versions\3.9.13\Lib\site-packages\music21\corpus\bach\bwv9.7.mxl,,40.0,12,4,0.0
404,C:\Users\14694\.pyenv\pyenv-win\versions\3.9.13\Lib\site-packages\music21\corpus\bach\bwv90.5.mxl,,48.0,15,4,0.0
405,C:\Users\14694\.pyenv\pyenv-win\versions\3.9.13\Lib\site-packages\music21\corpus\bach\bwv91.6.mxl,,40.0,11,7,0.0
406,C:\Users\14694\.pyenv\pyenv-win\versions\3.9.13\Lib\site-packages\music21\corpus\bach\bwv92.9.mxl,,76.0,20,4,0.0
407,C:\Users\14694\.pyenv\pyenv-win\versions\3.9.13\Lib\site-packages\music21\corpus\bach\bwv93.7.mxl,,60.0,16,4,0.0
408,C:\Users\14694\.pyenv\pyenv-win\versions\3.9.13\Lib\site-packages\music21\corpus\bach\bwv94.8.mxl,,64.0,19,4,0.0
409,C:\Users\14694\.pyenv\pyenv-win\versions\3.9.13\Lib\site-packages\music21\corpus\bach\bwv95.7.mxl,,60.0,16,5,0.0
410,C:\Users\14694\.pyenv\pyenv-win\versions\3.9.13\Lib\site-packages\music21\corpus\bach\bwv96.6.mxl,,40.0,12,4,0.0
411,C:\Users\14694\.pyenv\pyenv-win\versions\3.9.13\Lib\site-packages\music21\corpus\bach\bwv97.9.mxl,,48.0,13,7,0.0
412,C:\Users\14694\.pyenv\pyenv-win\versions\3.9.13\Lib\site-packages\music21\corpus\bach\bwv99.6.mxl,,56.0,15,4,0.0
413,C:\Users\14694\.pyenv\pyenv-win\versions\3.9.13\Lib\site-packages\music21\corpus\bach\choraleAnalyses\riemenschneider001.rntxt,Aus meines Herzens Grunde,64.0,22,1,0.0
414,C:\Users\14694\.pyenv\pyenv-win\versions\3.9.13\Lib\site-packages\music21\corpus\bach\choraleAnalyses\riemenschneider002.rntxt,"Ich dank dir, lieber Herre",53.0,14,1,0.0
415,C:\Users\14694\.pyenv\pyenv-win\versions\3.9.13\Lib\site-packages\music21\corpus\bach\choraleAnalyses\riemenschneider003.rntxt,"Ach Gott, vom Himmel sieh' darein",41.0,11,1,0.0
416,C:\Users\14694\.pyenv\pyenv-win\versions\3.9.13\Lib\site-packages\music21\corpus\bach\choraleAnalyses\riemenschneider004.rntxt,Es ist das Heil uns kommen her,41.0,11,1,0.0
417,C:\Users\14694\.pyenv\pyenv-win\versions\3.9.13\Lib\site-packages\music21\corpus\bach\choraleAnalyses\riemenschneider005.rntxt,An Wasserfluessen Babylon,69.0,18,1,0.0
418,C:\Users\14694\.pyenv\pyenv-win\versions\3.9.13\Lib\site-packages\music21\corpus\bach\choraleAnalyses\riemenschneider006.rntxt,"Christus, der ist mein Leben",33.0,9,1,0.0
419,C:\Users\14694\.pyenv\pyenv-win\versions\3.9.13\Lib\site-packages\music21\corpus\bach\choraleAnalyses\riemenschneider007.rntxt,"Nun lob, mein Seel, den Herren",112.0,38,1,0.0
420,C:\Users\14694\.pyenv\pyenv-win\versions\3.9.13\Lib\site-packages\music21\corpus\bach\choraleAnalyses\riemenschneider008.rntxt,"Freuet euch, ihr Christen alle",80.0,20,1,0.0
421,C:\Users\14694\.pyenv\pyenv-win\versions\3.9.13\Lib\site-packages\music21\corpus\bach\choraleAnalyses\riemenschneider009.rntxt,"Ermuntre dich, mein schwacher Geist",49.0,13,1,0.0
422,C:\Users\14694\.pyenv\pyenv-win\versions\3.9.13\Lib\site-packages\music21\corpus\bach\choraleAnalyses\riemenschneider010.rntxt,Aus tiefer Not schrei ich zu dir 1,52.0,13,1,0.0
423,C:\Users\14694\.pyenv\pyenv-win\versions\3.9.13\Lib\site-packages\music21\corpus\bach\choraleAnalyses\riemenschneider011.rntxt,"Jesu, nun sei gepreiset",113.0,33,1,0.0
424,C:\Users\14694\.pyenv\pyenv-win\versions\3.9.13\Lib\site-packages\music21\corpus\bach\choraleAnalyses\riemenschneider012.rntxt,Puer natus in Bethlehem,49.0,17,1,0.0
425,C:\Users\14694\.pyenv\pyenv-win\versions\3.9.13\Lib\site-packages\music21\corpus\bach\choraleAnalyses\riemenschneider013.rntxt,"Allein zu dir, Herr Jesu Christ",65.0,17,1,0.0
426,C:\Users\14694\.pyenv\pyenv-win\versions\3.9.13\Lib\site-packages\music21\corpus\bach\choraleAnalyses\riemenschneider014.rntxt,"O Herre Gott, dein goettlich Wort",57.0,15,1,0.0
427,C:\Users\14694\.pyenv\pyenv-win\versions\3.9.13\Lib\site-packages\music21\corpus\bach\choraleAnalyses\riemenschneider015.rntxt,Christ lag in Todesbanden,49.0,13,1,0.0
428,C:\Users\14694\.pyenv\pyenv-win\versions\3.9.13\Lib\site-packages\music21\corpus\bach\choraleAnalyses\riemenschneider016.rntxt,Es woll uns Gott genaedig sein 2,69.0,18,1,0.0
429,C:\Users\14694\.pyenv\pyenv-win\versions\3.9.13\Lib\site-packages\music21\corpus\bach\choraleAnalyses\riemenschneider017.rntxt,Erschienen ist der herrliche Tag,54.0,18,1,0.0
430,C:\Users\14694\.pyenv\pyenv-win\versions\3.9.13\Lib\site-packages\music21\corpus\bach\choraleAnalyses\riemenschneider018.rntxt,"Menschenkind, merk eben",52.0,13,1,0.0
431,C:\Users\14694\.pyenv\pyenv-win\versions\3.9.13\Lib\site-packages\music21\corpus\bach\choraleAnalyses\riemenschneider019.rntxt,Ich hab mein Sach Gott heimgestellt,37.0,10,1,0.0
432,C:\Users\14694\.pyenv\pyenv-win\versions\3.9.13\Lib\site-packages\music21\corpus\bach\choraleAnalyses\riemenschneider020.rntxt,Ein feste Burg ist unser Gott,49.0,13,1,0.0
